month,town,flat_type,block,street_name,storey_range,floor_area_sqm,flat_model,lease_commence_date,remaining_lease,resale_price
2025-08,BEDOK,2 ROOM,658,NEW UPP CHANGI RD,07 TO 09,45,Model A,1993,66 years 04 months,266000
2025-08,ANG MO KIO,3 ROOM,658B,ANG MO KIO AVE 3,01 TO 03,67,Improved,2010,83 years 01 months,459000
2025-08,JURONG WEST,5 ROOM,259,JURONG WEST ST 64,19 TO 21,110,Improved,1988,61 years,470000
2025-08,BEDOK,4 ROOM,570,NEW UPP CHANGI RD,13 TO 15,92,Model A,2000,73 years 01 months,580000
2025-08,JURONG WEST,5 ROOM,146,JURONG WEST ST 64,10 TO 12,115,Improved,2001,74 years 01 months,601000
2025-08,PUNGGOL,5 ROOM,463,EDGEFIELD PLAINS,16 TO 18,113,Improved,1995,68 years 02 months,594000
2025-08,TAMPINES,4 ROOM,670,TAMPINES AVE 5,19 TO 21,92,Model A,1988,61 years 02 months,458000
2025-08,PUNGGOL,5 ROOM,680A,PUNGGOL FIELD,04 TO 06,112,Premium Apartment,2003,76 years 03 months,629000
2025-08,QUEENSTOWN,5 ROOM,674A,DAWSON RD,07 TO 09,113,Premium Apartment,1987,60 years 03 months,826000
2025-08,WOODLANDS,3 ROOM,212,WOODLANDS DR 16,04 TO 06,67,Model A,2010,83 years 02 months,366000
2025-08,QUEENSTOWN,4 ROOM,666,STIRLING RD,22 TO 24,93,DBSS,2002,75 years 01 months,823000
2025-08,JURONG WEST,5 ROOM,103A,JURONG WEST ST 91,19 TO 21,112,Improved,1985,58 years 03 months,438000
2025-08,JURONG WEST,5 ROOM,265,JURONG WEST ST 64,07 TO 09,115,Premium Apartment,2016,89 years 04 months,584000
2025-08,ANG MO KIO,3 ROOM,680,ANG MO KIO AVE 3,01 TO 03,67,Model A,1997,70 years 04 months,380000
2025-08,SENGKANG,5 ROOM,269A,COMPASSVALE RD,22 TO 24,115,Improved,1986,59 years 04 months,733000
2025-08,PUNGGOL,5 ROOM,562,PUNGGOL FIELD,22 TO 24,113,Improved,2019,92 years 03 months,873000
2025-08,BEDOK,4 ROOM,160,BEDOK NTH RD,10 TO 12,95,Model A,2013,86 years 04 months,485000
2025-08,WOODLANDS,3 ROOM,235B,WOODLANDS DR 16,22 TO 24,67,Improved,1995,68 years,279000
2025-08,QUEENSTOWN,3 ROOM,155,STIRLING RD,19 TO 21,65,Improved,2005,78 years 03 months,562000
2025-08,WOODLANDS,5 ROOM,243B,WOODLANDS DR 16,10 TO 12,110,Premium Apartment,1993,66 years 04 months,507000
2025-08,SENGKANG,3 ROOM,653,ANCHORVALE LINK,04 TO 06,65,New Generation,2006,78 years 11 months,343000
2025-08,TAMPINES,4 ROOM,268B,TAMPINES ST 81,19 TO 21,93,Premium Apartment,1991,63 years 11 months,582000
2025-08,JURONG WEST,EXECUTIVE,403,JURONG WEST ST 91,22 TO 24,146,Maisonette,1996,69 years 02 months,611000
2025-08,WOODLANDS,3 ROOM,620,WOODLANDS DR 16,07 TO 09,70,New Generation,2008,81 years 01 months,295000
2025-08,BEDOK,5 ROOM,140,NEW UPP CHANGI RD,10 TO 12,112,Premium Apartment,2003,76 years 05 months,667000
2025-08,JURONG WEST,3 ROOM,407B,JURONG WEST ST 64,19 TO 21,67,New Generation,1993,66 years 03 months,273000
2025-08,ANG MO KIO,4 ROOM,235A,ANG MO KIO AVE 3,10 TO 12,95,Model A,1984,57 years 05 months,547000
2025-08,WOODLANDS,3 ROOM,641,MARSILING DR,13 TO 15,68,Model A,2012,85 years,359000
2025-08,BEDOK,EXECUTIVE,259A,NEW UPP CHANGI RD,04 TO 06,145,Maisonette,1994,67 years 05 months,864000
2025-08,WOODLANDS,3 ROOM,152,MARSILING DR,13 TO 15,67,Improved,2010,83 years 02 months,383000
2025-08,ANG MO KIO,2 ROOM,664B,ANG MO KIO AVE 3,07 TO 09,45,Model A,2018,91 years 03 months,341000
2025-08,BEDOK,EXECUTIVE,251B,BEDOK NTH RD,16 TO 18,145,Maisonette,2012,85 years 05 months,909000
2025-08,JURONG WEST,4 ROOM,462B,JURONG WEST ST 91,10 TO 12,90,Model A,2000,73 years 04 months,462000
2025-08,TAMPINES,EXECUTIVE,440B,TAMPINES ST 81,07 TO 09,145,Apartment,2004,77 years 05 months,931000
2025-08,TAMPINES,5 ROOM,327,TAMPINES AVE 5,01 TO 03,110,Premium Apartment,2002,74 years 11 months,725000
2025-08,JURONG WEST,5 ROOM,385,JURONG WEST ST 64,10 TO 12,112,Premium Apartment,1992,65 years 05 months,501000
2025-08,QUEENSTOWN,5 ROOM,367,DAWSON RD,04 TO 06,115,Improved,1999,72 years 05 months,1117000
2025-08,BEDOK,4 ROOM,690,NEW UPP CHANGI RD,04 TO 06,92,Model A,1998,71 years 02 months,498000
2025-08,QUEENSTOWN,2 ROOM,438A,STIRLING RD,19 TO 21,48,Standard,1990,63 years 03 months,334000
2025-08,JURONG WEST,5 ROOM,296B,JURONG WEST ST 64,13 TO 15,112,Improved,2003,76 years,564000
2025-08,JURONG WEST,4 ROOM,693A,JURONG WEST ST 64,10 TO 12,90,Premium Apartment,1997,70 years 03 months,419000
2025-08,SENGKANG,5 ROOM,390A,ANCHORVALE LINK,07 TO 09,115,Improved,2008,80 years 11 months,764000
2025-08,JURONG WEST,3 ROOM,586,JURONG WEST ST 64,01 TO 03,67,Improved,1987,60 years 05 months,275000
2025-08,PUNGGOL,5 ROOM,105,EDGEFIELD PLAINS,10 TO 12,113,Improved,2009,82 years 02 months,641000
2025-08,TAMPINES,5 ROOM,224B,TAMPINES ST 81,10 TO 12,115,Premium Apartment,2007,80 years 05 months,794000
2025-08,WOODLANDS,EXECUTIVE,661B,WOODLANDS DR 16,19 TO 21,146,Apartment,2017,89 years 11 months,848000
2025-08,SENGKANG,3 ROOM,381B,ANCHORVALE LINK,22 TO 24,67,Model A,2018,91 years 03 months,465000
2025-08,JURONG WEST,3 ROOM,336B,JURONG WEST ST 91,04 TO 06,67,Model A,1998,71 years 01 months,282000
2025-08,PUNGGOL,3 ROOM,311B,EDGEFIELD PLAINS,22 TO 24,68,Model A,1999,72 years 01 months,402000
2025-08,ANG MO KIO,5 ROOM,405B,ANG MO KIO AVE 10,01 TO 03,115,Improved,2002,75 years 02 months,848000
2025-09,SENGKANG,3 ROOM,514,COMPASSVALE RD,19 TO 21,68,New Generation,2009,82 years 04 months,407000
2025-09,ANG MO KIO,EXECUTIVE,538,ANG MO KIO AVE 10,01 TO 03,148,Maisonette,2014,86 years 11 months,870000
2025-09,ANG MO KIO,3 ROOM,488A,ANG MO KIO AVE 10,16 TO 18,67,Improved,1991,64 years 01 months,380000
2025-09,BEDOK,4 ROOM,141,BEDOK NTH RD,10 TO 12,95,Model A,1981,54 years 02 months,506000
2025-09,ANG MO KIO,4 ROOM,323B,ANG MO KIO AVE 10,04 TO 06,92,Premium Apartment,1986,59 years 01 months,547000
2025-09,TAMPINES,4 ROOM,419B,TAMPINES AVE 5,04 TO 06,90,DBSS,1988,61 years 02 months,499000
2025-09,PUNGGOL,3 ROOM,223,EDGEFIELD PLAINS,13 TO 15,67,Model A,1984,56 years 11 months,417000
2025-09,QUEENSTOWN,4 ROOM,530B,STIRLING RD,16 TO 18,90,Premium Apartment,2010,82 years 11 months,687000
2025-09,WOODLANDS,4 ROOM,376B,MARSILING DR,07 TO 09,93,Premium Apartment,1987,60 years 01 months,441000
2025-09,JURONG WEST,4 ROOM,575B,JURONG WEST ST 64,22 TO 24,92,Model A,1983,56 years 02 months,367000
2025-09,SENGKANG,5 ROOM,448A,COMPASSVALE RD,16 TO 18,112,Improved,2009,82 years 03 months,781000
2025-09,PUNGGOL,3 ROOM,602B,PUNGGOL FIELD,10 TO 12,68,New Generation,2009,82 years,467000
2025-09,JURONG WEST,3 ROOM,643A,JURONG WEST ST 64,16 TO 18,67,Model A,1997,69 years 11 months,317000
2025-09,WOODLANDS,4 ROOM,297A,WOODLANDS DR 16,13 TO 15,93,DBSS,1995,68 years 02 months,389000
2025-09,TAMPINES,3 ROOM,298A,TAMPINES ST 81,13 TO 15,68,Improved,1995,67 years 11 months,446000
2025-09,TAMPINES,4 ROOM,666A,TAMPINES ST 81,01 TO 03,95,DBSS,1986,59 years 02 months,589000
2025-09,SENGKANG,3 ROOM,448,ANCHORVALE LINK,22 TO 24,65,Improved,2014,87 years 02 months,420000
2025-09,SENGKANG,3 ROOM,154,ANCHORVALE LINK,04 TO 06,65,Model A,2003,76 years 01 months,408000
2025-09,JURONG WEST,3 ROOM,331B,JURONG WEST ST 64,19 TO 21,67,Improved,1985,58 years,308000
2025-09,JURONG WEST,5 ROOM,201,JURONG WEST ST 91,01 TO 03,113,Premium Apartment,1997,70 years,559000
2025-09,BEDOK,3 ROOM,561B,NEW UPP CHANGI RD,07 TO 09,67,New Generation,2013,86 years 04 months,341000
2025-09,PUNGGOL,3 ROOM,302B,PUNGGOL FIELD,10 TO 12,67,Model A,2007,80 years 04 months,489000
2025-09,PUNGGOL,4 ROOM,414A,EDGEFIELD PLAINS,01 TO 03,92,Model A,1987,60 years 04 months,461000
2025-09,SENGKANG,5 ROOM,140B,COMPASSVALE RD,22 TO 24,113,Premium Apartment,1995,68 years,646000
2025-09,ANG MO KIO,3 ROOM,279B,ANG MO KIO AVE 10,13 TO 15,70,Improved,2015,88 years 04 months,495000
2025-09,TAMPINES,1 ROOM,581A,TAMPINES AVE 5,22 TO 24,32,Improved,2018,90 years 10 months,238000
2025-09,WOODLANDS,5 ROOM,510,MARSILING DR,22 TO 24,112,Improved,1999,72 years 01 months,491000
2025-09,WOODLANDS,3 ROOM,655B,MARSILING DR,01 TO 03,65,New Generation,2003,75 years 10 months,331000
2025-09,PUNGGOL,4 ROOM,308A,PUNGGOL FIELD,22 TO 24,95,Premium Apartment,2009,81 years 11 months,667000
2025-09,SENGKANG,5 ROOM,418,COMPASSVALE RD,10 TO 12,113,Improved,1985,58 years 04 months,665000
2025-09,PUNGGOL,1 ROOM,398A,EDGEFIELD PLAINS,07 TO 09,29,Improved,2007,80 years 04 months,185000
2025-09,SENGKANG,3 ROOM,620,ANCHORVALE LINK,10 TO 12,70,Improved,1987,60 years 01 months,445000
2025-09,QUEENSTOWN,4 ROOM,405B,STIRLING RD,01 TO 03,95,Premium Apartment,1995,67 years 10 months,739000
2025-09,SENGKANG,4 ROOM,293,COMPASSVALE RD,22 TO 24,95,Model A,2012,85 years 01 months,702000
2025-09,QUEENSTOWN,3 ROOM,137,DAWSON RD,07 TO 09,68,New Generation,2002,75 years 01 months,595000
2025-09,SENGKANG,3 ROOM,258,COMPASSVALE RD,07 TO 09,68,Improved,1978,50 years 11 months,346000
2025-09,WOODLANDS,4 ROOM,646B,MARSILING DR,16 TO 18,93,DBSS,2019,92 years 04 months,550000
2025-09,SENGKANG,5 ROOM,394,ANCHORVALE LINK,10 TO 12,110,Premium Apartment,2017,90 years 04 months,760000
2025-09,BEDOK,5 ROOM,147A,BEDOK NTH RD,13 TO 15,110,Premium Apartment,2006,79 years 03 months,738000
2025-09,WOODLANDS,4 ROOM,284,WOODLANDS DR 16,19 TO 21,92,Model A,1993,66 years,429000
2025-09,QUEENSTOWN,4 ROOM,360B,DAWSON RD,07 TO 09,92,DBSS,2009,82 years,762000
2025-09,ANG MO KIO,EXECUTIVE,453A,ANG MO KIO AVE 10,07 TO 09,146,Apartment,1996,68 years 11 months,772000
2025-09,SENGKANG,5 ROOM,490A,COMPASSVALE RD,22 TO 24,112,Premium Apartment,2002,74 years 10 months,590000
2025-09,ANG MO KIO,EXECUTIVE,608A,ANG MO KIO AVE 3,01 TO 03,146,Apartment,1995,68 years 04 months,1024000
2025-09,PUNGGOL,4 ROOM,140A,EDGEFIELD PLAINS,07 TO 09,95,Model A,1994,66 years 11 months,586000
2025-09,WOODLANDS,5 ROOM,235A,MARSILING DR,19 TO 21,110,Improved,1996,69 years 02 months,454000
2025-09,JURONG WEST,EXECUTIVE,579,JURONG WEST ST 91,16 TO 18,146,Maisonette,1996,68 years 11 months,764000
2025-09,QUEENSTOWN,EXECUTIVE,649,DAWSON RD,19 TO 21,148,Apartment,2001,74 years 04 months,1075000
2025-09,JURONG WEST,4 ROOM,674A,JURONG WEST ST 91,10 TO 12,92,DBSS,1984,56 years 11 months,401000
2025-09,BEDOK,4 ROOM,146,NEW UPP CHANGI RD,19 TO 21,93,Premium Apartment,1997,69 years 11 months,453000
2025-10,BEDOK,3 ROOM,653B,BEDOK NTH RD,22 TO 24,70,Improved,1986,59 years,350000
2025-10,BEDOK,5 ROOM,322B,NEW UPP CHANGI RD,01 TO 03,115,Improved,2004,77 years 01 months,714000
2025-10,WOODLANDS,3 ROOM,382,WOODLANDS DR 16,16 TO 18,67,Improved,2012,84 years 10 months,289000
2025-10,BEDOK,4 ROOM,228,BEDOK NTH RD,16 TO 18,95,DBSS,1979,52 years 03 months,434000
2025-10,PUNGGOL,4 ROOM,102A,PUNGGOL FIELD,07 TO 09,92,Model A,1999,71 years 09 months,615000
2025-10,JURONG WEST,5 ROOM,343A,JURONG WEST ST 91,01 TO 03,110,Improved,1979,52 years 02 months,446000
2025-10,JURONG WEST,3 ROOM,470,JURONG WEST ST 64,04 TO 06,68,Model A,2011,84 years 03 months,349000
2025-10,PUNGGOL,EXECUTIVE,131,EDGEFIELD PLAINS,22 TO 24,143,Apartment,2011,84 years 01 months,977000
2025-10,QUEENSTOWN,5 ROOM,251,STIRLING RD,04 TO 06,113,Premium Apartment,2006,79 years 03 months,951000
2025-10,WOODLANDS,4 ROOM,540,WOODLANDS DR 16,22 TO 24,95,DBSS,2011,84 years 01 months,481000
2025-10,PUNGGOL,4 ROOM,197A,EDGEFIELD PLAINS,22 TO 24,92,Premium Apartment,2004,77 years 01 months,557000
2025-10,JURONG WEST,4 ROOM,195B,JURONG WEST ST 91,04 TO 06,92,DBSS,2008,81 years 03 months,521000
2025-10,WOODLANDS,5 ROOM,520A,MARSILING DR,16 TO 18,115,Improved,1981,53 years 11 months,514000
2025-10,JURONG WEST,4 ROOM,593,JURONG WEST ST 91,10 TO 12,92,Premium Apartment,1984,56 years 11 months,357000
2025-10,WOODLANDS,3 ROOM,670,MARSILING DR,19 TO 21,67,New Generation,2014,87 years 02 months,385000
2025-10,TAMPINES,3 ROOM,246B,TAMPINES ST 81,01 TO 03,67,New Generation,1999,72 years 01 months,345000
2025-10,ANG MO KIO,3 ROOM,261A,ANG MO KIO AVE 10,19 TO 21,70,Model A,1991,64 years,414000
2025-10,WOODLANDS,5 ROOM,150,MARSILING DR,01 TO 03,115,Premium Apartment,2016,89 years 03 months,527000
2025-10,QUEENSTOWN,4 ROOM,216A,DAWSON RD,10 TO 12,93,Model A,2004,77 years 01 months,896000
2025-10,JURONG WEST,5 ROOM,504,JURONG WEST ST 91,13 TO 15,115,Improved,2009,81 years 11 months,497000
2025-10,JURONG WEST,EXECUTIVE,609B,JURONG WEST ST 91,16 TO 18,145,Maisonette,1994,67 years 01 months,591000
2025-10,QUEENSTOWN,4 ROOM,143B,STIRLING RD,16 TO 18,92,Premium Apartment,2010,82 years 11 months,720000
2025-10,BEDOK,5 ROOM,527A,BEDOK NTH RD,19 TO 21,115,Premium Apartment,2005,77 years 11 months,723000
2025-10,ANG MO KIO,EXECUTIVE,208,ANG MO KIO AVE 10,16 TO 18,145,Apartment,2017,90 years,867000
2025-10,BEDOK,4 ROOM,178,BEDOK NTH RD,16 TO 18,92,Premium Apartment,1999,72 years 02 months,571000
2025-10,WOODLANDS,5 ROOM,277,WOODLANDS DR 16,07 TO 09,112,Improved,1993,66 years 03 months,468000
2025-10,SENGKANG,4 ROOM,423,COMPASSVALE RD,16 TO 18,95,Model A,2015,88 years,699000
2025-10,SENGKANG,4 ROOM,175A,COMPASSVALE RD,01 TO 03,92,Premium Apartment,1995,67 years 11 months,510000
2025-10,ANG MO KIO,3 ROOM,619B,ANG MO KIO AVE 10,04 TO 06,67,Model A,1982,54 years 10 months,395000
2025-10,ANG MO KIO,4 ROOM,613,ANG MO KIO AVE 3,16 TO 18,95,Premium Apartment,2019,92 years 02 months,692000
